[
    {
        "model": "main.city",
        "pk": 1,
        "fields": {
            "title": "Цандрипш"
        }
    },
    {
        "model": "main.city",
        "pk": 2,
        "fields": {
            "title": "Гагра"
        }
    },
    {
        "model": "main.city",
        "pk": 3,
        "fields": {
            "title": "Пицунда"
        }
    },
    {
        "model": "main.city",
        "pk": 4,
        "fields": {
            "title": "Гудаута"
        }
    },
    {
        "model": "main.city",
        "pk": 5,
        "fields": {
            "title": "Новый Афон"
        }
    },
    {
        "model": "main.city",
        "pk": 6,
        "fields": {
            "title": "Сухум"
        }
    },
    {
        "model": "main.city",
        "pk": 7,
        "fields": {
            "title": "Дранда"
        }
    },
    {
        "model": "main.city",
        "pk": 8,
        "fields": {
            "title": "Очамчира"
        }
    },
    {
        "model": "main.city",
        "pk": 9,
        "fields": {
            "title": "Ткварчал"
        }
    },
    {
        "model": "main.rentsale",
        "pk": 1,
        "fields": {
            "title": "Аренда"
        }
    },
    {
        "model": "main.rentsale",
        "pk": 2,
        "fields": {
            "title": "Продажа"
        }
    },
    {
        "model": "main.typeproperty",
        "pk": 1,
        "fields": {
            "title": "Дома"
        }
    },
    {
        "model": "main.typeproperty",
        "pk": 2,
        "fields": {
            "title": "Квартиры"
        }
    },
    {
        "model": "main.typeproperty",
        "pk": 3,
        "fields": {
            "title": "Участки"
        }
    },
    {
        "model": "main.typeproperty",
        "pk": 4,
        "fields": {
            "title": "Коммерческая недвижимость"
        }
    },
    {
        "model": "main.postrentsale",
        "pk": 1,
        "fields": {
            "title": "четырехкомнатная квартира в центре города",
            "image": "",
            "city": 6,
            "rent_sale": 2,
            "type_property": 2,
            "status": "С ремонтом",
            "dom_type": "Новостройка",
            "material_type": "Блочный",
            "floors": "2\\4",
            "rooms": 4,
            "areas": 200,
            "height_ceiling": 3,
            "price": "8000000.00",
            "region": "центральный",
            "year_built": null,
            "distance_sea": "150",
            "distance_track": "20",
            "ownership": "собственность",
            "description": "Продается четырехкомнатная квартира со всеми удобствами в центре города Сухум. Три большие спальни, просторный зал , гардеробная, кухня-столовая.Общая площадь 200 кв/м.\r\nКлубный дом на четыре семьи, общий двор с ландшафтным озеленением, парковка, домофон.Мебель и техника остается в подарок покупателю. \r\nОтличное месторасположение дома, рынок, магазины, остановка и др. До моря 100 метров.\r\nПрекрасно подойдет для большой семьи.\r\nДокументы готовы к сделке.Звоните!",
            "vip": null,
            "slug": "chetyrehkomnatnaya-kvartira-v-centre-goroda"
        }
    },
    {
        "model": "main.postrentsale",
        "pk": 2,
        "fields": {
            "title": "Продается трехкомнатная квартира в районе турбазы",
            "image": "",
            "city": 6,
            "rent_sale": 2,
            "type_property": 2,
            "status": "С ремонтом",
            "dom_type": "Чешский проект",
            "material_type": "Блочный",
            "floors": "2\\9",
            "rooms": 3,
            "areas": 90,
            "height_ceiling": 3,
            "price": "5250000.00",
            "region": "турбаза",
            "year_built": null,
            "distance_sea": "200",
            "distance_track": null,
            "ownership": "собственность",
            "description": "Продается трёхкомнатная квартира на турбазе. Заходи и живи! 2/9. Две спальни, зал, лоджия, кухня. Два балкона с видом на горы. Мебель остаётся покупателю.",
            "vip": null,
            "slug": "prodaetsya-trehkomnatnaya-kvartira-v-rajone-turbazy"
        }
    },
    {
        "model": "main.postrentsale",
        "pk": 3,
        "fields": {
            "title": "трехкомнатная квартира в районе турбазы",
            "image": "",
            "city": 6,
            "rent_sale": 2,
            "type_property": 2,
            "status": "С ремонтом",
            "dom_type": "Чешский проект",
            "material_type": "Блочный",
            "floors": "1\\9",
            "rooms": 3,
            "areas": 90,
            "height_ceiling": 3,
            "price": "4200000.00",
            "region": "турбаза",
            "year_built": null,
            "distance_sea": "200",
            "distance_track": null,
            "ownership": "собственность",
            "description": "Продается трёхкомнатная квартира на турбазе. Две спальни, просторный зал и кухня. Выполнен качественный ремонт. Мебель остаётся покупателю . 1/9. Общая площадь 80 кВ/м. До моря 300 метров. Остановка, магазин в пешей доступности .",
            "vip": null,
            "slug": "trehkomnatnaya-kvartira-v-rajone-turbazy"
        }
    },
    {
        "model": "main.postrentsale",
        "pk": 4,
        "fields": {
            "title": "помещение свободного назначения",
            "image": "",
            "city": 6,
            "rent_sale": 2,
            "type_property": 4,
            "status": "Без ремонта",
            "dom_type": "Хрущевка",
            "material_type": "Блочный",
            "floors": "1\\5",
            "rooms": 1,
            "areas": 100,
            "height_ceiling": 3,
            "price": "1500000.00",
            "region": "универсам",
            "year_built": null,
            "distance_sea": "3 км",
            "distance_track": "20",
            "ownership": "собственность",
            "description": "Продается помещение 100 кВ/м в районе республиканской больницы. Первый этаж пятиэтажного дома. Требуется капитальный ремонт.Можно использовать под коммерческий объект. Документы в собственности.",
            "vip": null,
            "slug": "pomeshenie-svobodnogo-naznacheniya"
        }
    },
    {
        "model": "main.postrentsale",
        "pk": 5,
        "fields": {
            "title": "двухкомнатная квартира в районе турбазы",
            "image": "",
            "city": 6,
            "rent_sale": 2,
            "type_property": 2,
            "status": "Без ремонта",
            "dom_type": "Хрущевка",
            "material_type": "Блочный",
            "floors": "8\\9",
            "rooms": 2,
            "areas": 46,
            "height_ceiling": 3,
            "price": "2550000.00",
            "region": "турбаза",
            "year_built": null,
            "distance_sea": "150",
            "distance_track": "20",
            "ownership": "собственность",
            "description": "Продается двухкомнатная квартира на турбазе . Общая площадь 42 кВ/м. Заходи и живи . Мебель остаётся покупателю . Удобное месторасположение , все в пешей доступности. До моря 150 метров.",
            "vip": null,
            "slug": "dvuhkomnatnaya-kvartira-v-rajone-turbazy"
        }
    },
    {
        "model": "main.postrentsale",
        "pk": 6,
        "fields": {
            "title": "площадка в аренду",
            "image": "",
            "city": 6,
            "rent_sale": 1,
            "type_property": 4,
            "status": null,
            "dom_type": null,
            "material_type": null,
            "floors": null,
            "rooms": null,
            "areas": 1400,
            "height_ceiling": null,
            "price": "50000.00",
            "region": "Новый район",
            "year_built": null,
            "distance_sea": "1 км",
            "distance_track": "200",
            "ownership": "собственность",
            "description": "Сдаётся в аренду площадка 1400 кВ/м на Новом районе! \r\nПодойдёт для разных целей. Территория огорожена сеткой. Строение на территории (30кв/м) тоже можно использовать под офис или магазин.\r\nЦена 50 тыс/ руб в месяц .",
            "vip": null,
            "slug": "ploshadka-v-arendu"
        }
    },
    {
        "model": "main.postrentsale",
        "pk": 7,
        "fields": {
            "title": "двухкомнатная квартира на турбазе",
            "image": "",
            "city": 6,
            "rent_sale": 2,
            "type_property": 2,
            "status": "С ремонтом",
            "dom_type": "Хрущевка",
            "material_type": "Блочный",
            "floors": "2\\5",
            "rooms": 2,
            "areas": 38,
            "height_ceiling": 3,
            "price": "2400000.00",
            "region": "турбаза",
            "year_built": null,
            "distance_sea": "150",
            "distance_track": null,
            "ownership": "собственность",
            "description": "Продается двухкомнатная квартира на турбазе . 2/5. Выполнен качественный ремонт, мебель остаётся покупателю. Удобное месторасположение, остановка, магазины, маленький рынок , все в пешей доступности. До моря 100 метров .",
            "vip": null,
            "slug": "dvuhkomnatnaya-kvartira-na-turbaze"
        }
    },
    {
        "model": "main.postrentsale",
        "pk": 8,
        "fields": {
            "title": "двухкомнатная квартира на турбазе",
            "image": "",
            "city": 6,
            "rent_sale": 2,
            "type_property": 2,
            "status": "Без ремонта",
            "dom_type": "Сталинка",
            "material_type": "Блочный",
            "floors": "1\\3",
            "rooms": 2,
            "areas": 38,
            "height_ceiling": 3,
            "price": "1650000.00",
            "region": "турбаза",
            "year_built": null,
            "distance_sea": "150",
            "distance_track": "20",
            "ownership": "собственность",
            "description": "Продается двухкомнатная квартира на турбазе.\r\n ( Сталинка). Требуется ремонт. Высокие потолки, стоят новые окна и решетки. Море через дорогу. Магазин, остановка рядом.",
            "vip": null,
            "slug": "dvuhkomnatnaya-kvartira-na-turbaze-1"
        }
    },
    {
        "model": "main.postrentsale",
        "pk": 9,
        "fields": {
            "title": "двухкомнатная квартира на Новом районе.",
            "image": "",
            "city": 6,
            "rent_sale": 2,
            "type_property": 2,
            "status": "С ремонтом",
            "dom_type": "Хрущевка",
            "material_type": "Блочный",
            "floors": "8\\9",
            "rooms": 2,
            "areas": 46,
            "height_ceiling": 3,
            "price": "2100000.00",
            "region": "Новый район",
            "year_built": null,
            "distance_sea": "1 км",
            "distance_track": null,
            "ownership": "собственность",
            "description": "Продается двухкомнатная квартира в Новом районе.\r\n ( рядом с пятачком). Выполнен качественный ремонт. Мебель остаётся. \r\nС балкона открывается красивый вид на горы. 7/9. Лифт новый работает. Остановка, магазины, все в пешей доступности. Транспорт ходит регулярно!",
            "vip": null,
            "slug": "dvuhkomnatnaya-kvartira-na-novom-rajone"
        }
    },
    {
        "model": "main.postrentsale",
        "pk": 10,
        "fields": {
            "title": "дом в центре города",
            "image": "",
            "city": 6,
            "rent_sale": 2,
            "type_property": 1,
            "status": "С ремонтом",
            "dom_type": null,
            "material_type": "Блочный",
            "floors": "2",
            "rooms": 6,
            "areas": 300,
            "height_ceiling": 3,
            "price": "1650000.00",
            "region": "центральный",
            "year_built": null,
            "distance_sea": "300",
            "distance_track": null,
            "ownership": "собственность",
            "description": "Продается большой, двухэтажный  дом (300) кв\\м в центре г Сухум . Выполнен качественный ремонт. На первом этаже-большая кухня-столовая, спальня, подсобка, ванная комната.Второй этаж- холл, три спальни, кухня-столовая, ванная комната.Участок 5 сот. \r\nКрасивый сад, терраса, камин, мебель и техника остается покупателю.\r\nОтличное предложение для большой семьи.\r\nДо моря 300 метров.",
            "vip": "Да",
            "slug": "dom-v-centre-goroda"
        }
    },
    {
        "model": "main.postrentsale",
        "pk": 11,
        "fields": {
            "title": "дом на турбазе",
            "image": "",
            "city": 6,
            "rent_sale": 2,
            "type_property": 1,
            "status": "С ремонтом",
            "dom_type": null,
            "material_type": "Блочный",
            "floors": "2",
            "rooms": 5,
            "areas": 200,
            "height_ceiling": 3,
            "price": "4650000.00",
            "region": "турбаза",
            "year_built": null,
            "distance_sea": "700 м",
            "distance_track": null,
            "ownership": "собственность",
            "description": "Продается  дом со всеми удобствами на турбазе.Выполнен качественный ремонт. Общая площадь 200 кв\\м.Участок 8 сот.\r\nПервый этаж-спальня, большой зал, кухня, ванная.\r\nВторой этаж- три спальни, большой зал.\r\nВсе сделано капитально, заходи и живи. До моря 700 метров!",
            "vip": "Да",
            "slug": "dom-na-turbaze"
        }
    },
    {
        "model": "main.postrentsale",
        "pk": 12,
        "fields": {
            "title": "трехкомнатная в центре",
            "image": "",
            "city": 6,
            "rent_sale": 2,
            "type_property": 2,
            "status": "С ремонтом",
            "dom_type": "Чешский проект",
            "material_type": "Блочный",
            "floors": "1\\9",
            "rooms": 3,
            "areas": 70,
            "height_ceiling": 3,
            "price": "5250000.00",
            "region": "центральный",
            "year_built": null,
            "distance_sea": "150",
            "distance_track": null,
            "ownership": "собственность",
            "description": "Продается трехкомнатная квартира в центре города. Выполнен качественный ремонт.1/9 эт. Солнечная, просторная квартира с двумя балконами.Закрытая территория, детская площадка, парковка. Магазины, остановка и др рядом с домом. До моря 100 метров.",
            "vip": null,
            "slug": "trehkomnatnaya-v-centre"
        }
    },
    {
        "model": "main.postrentsale",
        "pk": 13,
        "fields": {
            "title": "Четырехкомнатная квартира в районе рынка",
            "image": "",
            "city": 6,
            "rent_sale": 2,
            "type_property": 2,
            "status": "С ремонтом",
            "dom_type": null,
            "material_type": "Блочный",
            "floors": "2/5",
            "rooms": 4,
            "areas": 120,
            "height_ceiling": 3,
            "price": "5400000.00",
            "region": "Рынок",
            "year_built": null,
            "distance_sea": "200",
            "distance_track": null,
            "ownership": "Собственность",
            "description": "Продается четырехкомнатная квартира в районе рынка. Можно зайти и жить . Три спальни, большой зал и кухня- столовая. 2/5. Три балкона, гараж, интернет,все в шаговой доступности. До моря 200 метров! Срочно!",
            "vip": "Да",
            "slug": "chetyrehkomnatnaya-kvartira-v-rajone-rynka"
        }
    },
    {
        "model": "main.postrentsale",
        "pk": 14,
        "fields": {
            "title": "Дом с видом на море",
            "image": "",
            "city": 6,
            "rent_sale": 2,
            "type_property": 1,
            "status": "С ремонтом",
            "dom_type": null,
            "material_type": null,
            "floors": "2",
            "rooms": 8,
            "areas": 200,
            "height_ceiling": 3,
            "price": "6600000.00",
            "region": "Каштак",
            "year_built": null,
            "distance_sea": "200",
            "distance_track": null,
            "ownership": "Собственность",
            "description": "Продается шикарный дом с видом на море и горы в районе Каштака! Общая площадь 200 кВ/м. Выполнен качественный ремонт. Внутренняя лестница, просторные комнаты, три балкона с красивым видом, капитальный забор! Участок 50 соток! Дом просто сказка! Идеально для большой семьи! Срочная продажа!",
            "vip": "Да",
            "slug": "dom-s-vidom-na-more"
        }
    },
    {
        "model": "main.postrentsale",
        "pk": 15,
        "fields": {
            "title": "Участок 35 соток в Пицунде",
            "image": "",
            "city": 3,
            "rent_sale": 2,
            "type_property": 3,
            "status": null,
            "dom_type": null,
            "material_type": null,
            "floors": null,
            "rooms": null,
            "areas": null,
            "height_ceiling": null,
            "price": "12000000.00",
            "region": "Птицефабрика",
            "year_built": null,
            "distance_sea": "Первая линия берега",
            "distance_track": null,
            "ownership": "Собственность",
            "description": "Продается участок 35 соток в Пицунде. ( район Птицефабрики). Первая береговая линия. Место просто потрясающее! Отлично подойдёт под строительство гостиницы.",
            "vip": "Да",
            "slug": "uchastok-35-sotok-v-picunde"
        }
    },
    {
        "model": "main.postrentsale",
        "pk": 16,
        "fields": {
            "title": "Участок 25 соток в Новом Афоне",
            "image": "",
            "city": 5,
            "rent_sale": 2,
            "type_property": 3,
            "status": null,
            "dom_type": null,
            "material_type": null,
            "floors": null,
            "rooms": null,
            "areas": 25,
            "height_ceiling": null,
            "price": "7500000.00",
            "region": "Псырцха",
            "year_built": null,
            "distance_sea": "Первая линия берега",
            "distance_track": null,
            "ownership": "разрешение на строительство",
            "description": "Продается участок 35 соток в Пицунде. ( район Птицефабрики). Первая береговая линия. Место просто потрясающее! Отлично подойдёт под строительство гостиницы.",
            "vip": null,
            "slug": "uchastok-25-sotok-v-novom-afone"
        }
    },
    {
        "model": "main.postrentsale",
        "pk": 17,
        "fields": {
            "title": "Участок 25 соток в Гудауте",
            "image": "",
            "city": 4,
            "rent_sale": 2,
            "type_property": 3,
            "status": null,
            "dom_type": null,
            "material_type": null,
            "floors": null,
            "rooms": null,
            "areas": null,
            "height_ceiling": null,
            "price": "3900000.00",
            "region": "Бамбора",
            "year_built": null,
            "distance_sea": "1 км",
            "distance_track": "50 метров",
            "ownership": "Собственность",
            "description": "Продается участок 25 сот в Бамборе. Подойдёт для строительства дома или гостиницы. До моря 1 км.",
            "vip": null,
            "slug": "uchastok-25-sotok-v-gudaute"
        }
    },
    {
        "model": "main.postrentsale",
        "pk": 18,
        "fields": {
            "title": "Аренда двухкомнатной квартиры посуточно",
            "image": "",
            "city": 6,
            "rent_sale": 1,
            "type_property": 2,
            "status": "С ремонтом",
            "dom_type": null,
            "material_type": null,
            "floors": "2/5",
            "rooms": 2,
            "areas": 46,
            "height_ceiling": 3,
            "price": "1500.00",
            "region": "Рынок",
            "year_built": null,
            "distance_sea": "200",
            "distance_track": null,
            "ownership": "Собственность",
            "description": "Сдаётся суточно двухкомнатная квартира в районе рынка. Всего четыре спальных места. До моря 200 метров.",
            "vip": null,
            "slug": "arenda-dvuhkomnatnoj-kvartiry-posutochno"
        }
    },
    {
        "model": "main.postrentsale",
        "pk": 19,
        "fields": {
            "title": "Полдома в центре города Сухум",
            "image": "",
            "city": 6,
            "rent_sale": 2,
            "type_property": 1,
            "status": "С ремонтом",
            "dom_type": null,
            "material_type": null,
            "floors": "1/2",
            "rooms": 1,
            "areas": 30,
            "height_ceiling": 3,
            "price": "1650000.00",
            "region": "Центр",
            "year_built": null,
            "distance_sea": "100",
            "distance_track": null,
            "ownership": "Собственность",
            "description": "Продается первый этаж жилого дома в самом центре города Сухум.Одна комната, кухня и ванная, свой небольшой дворик. Отлично подойдёт для сдачи в аренду или под офис. До моря 100 метров.",
            "vip": null,
            "slug": "poldoma-v-centre-goroda-suhum"
        }
    },
    {
        "model": "main.postrentsale",
        "pk": 20,
        "fields": {
            "title": "Трёхкомнатная квартира в Гагре",
            "image": "",
            "city": 2,
            "rent_sale": 2,
            "type_property": 2,
            "status": "С ремонтом",
            "dom_type": "Чешский проект",
            "material_type": null,
            "floors": "7/9",
            "rooms": 3,
            "areas": 75,
            "height_ceiling": 3,
            "price": "4200000.00",
            "region": "Центр",
            "year_built": null,
            "distance_sea": "150",
            "distance_track": null,
            "ownership": "Собственность",
            "description": "Продается трёхкомнатная квартира с ремонтом и мебелью в г Гагра. Две спальни, зал , кухня и лоджия. Два балкона с видом на море и горы. Лучшее месторасположение , до моря и до рынка 100 метров.",
            "vip": null,
            "slug": "tryohkomnatnaya-kvartira-v-gagre"
        }
    },
    {
        "model": "main.postrentsale",
        "pk": 21,
        "fields": {
            "title": "Полдома в центре",
            "image": "",
            "city": 6,
            "rent_sale": 2,
            "type_property": 1,
            "status": "С ремонтом",
            "dom_type": null,
            "material_type": null,
            "floors": "1",
            "rooms": 2,
            "areas": 60,
            "height_ceiling": 3,
            "price": "3000000.00",
            "region": "Старый Сухум",
            "year_built": null,
            "distance_sea": "300",
            "distance_track": null,
            "ownership": "Собственность",
            "description": "Продается половина дома в самом центре Сухума. Общая площадь 70 кВ/м. Все удобства, ремонт, мебель . Зал, спальня, детская комната, кухня, ванная. Участок 3 сот. До моря 300 метров.",
            "vip": null,
            "slug": "poldoma-v-centre"
        }
    },
    {
        "model": "main.postrentsale",
        "pk": 22,
        "fields": {
            "title": "Дом в Гудаута",
            "image": "",
            "city": 4,
            "rent_sale": 2,
            "type_property": 1,
            "status": "С ремонтом",
            "dom_type": null,
            "material_type": "Блочный",
            "floors": "3",
            "rooms": 8,
            "areas": 150,
            "height_ceiling": 3,
            "price": "4800000.00",
            "region": "Центр",
            "year_built": null,
            "distance_sea": "700",
            "distance_track": null,
            "ownership": "Собственность",
            "description": "Продаётся дом со всеми удобствами в г Гудаута.  Всего восемь комнат , две ванные комнаты и кухня. Мансарду на третьем этаже можно использовать на свой вкус. Все комнаты с мебелью и техникой. Общая площадь дома 180 кв/м. Участок 12 сот. \r\n Просторный двор, беседка, теплица. \r\n  Можно использовать как гостевой дом . Жить и зарабатывать одновременно! До моря 10 мин пешком. Место тихое, спокойное , отлично подойдёт для жилья и отдыха . \r\n Документы готовы к продаже!",
            "vip": null,
            "slug": "dom-v-gudauta"
        }
    },
    {
        "model": "main.postrentsale",
        "pk": 23,
        "fields": {
            "title": "Участок 7 соток в центре",
            "image": "",
            "city": 6,
            "rent_sale": 2,
            "type_property": 3,
            "status": null,
            "dom_type": null,
            "material_type": null,
            "floors": null,
            "rooms": null,
            "areas": null,
            "height_ceiling": null,
            "price": "2250000.00",
            "region": "Центр",
            "year_built": null,
            "distance_sea": "500",
            "distance_track": null,
            "ownership": "Собственность",
            "description": "Продается участок 7 соток в центре города. Подойдёт для строительства дома. Остановка рядом. До моря 500 метров.",
            "vip": null,
            "slug": "uchastok-7-sotok-v-centre"
        }
    },
    {
        "model": "main.postrentsale",
        "pk": 24,
        "fields": {
            "title": "Двухкомнатная квартира в районе вокзала",
            "image": "",
            "city": 6,
            "rent_sale": 2,
            "type_property": 2,
            "status": null,
            "dom_type": "Хрущевка",
            "material_type": null,
            "floors": "2/9",
            "rooms": 2,
            "areas": 42,
            "height_ceiling": 3,
            "price": "1500000.00",
            "region": "Вокзал",
            "year_built": null,
            "distance_sea": "1 км",
            "distance_track": null,
            "ownership": "Собственность",
            "description": "Продается двухкомнатная квартира  по ул Адыгейская в районе вокзала.Требует ремонта.\r\nОбщая площадь 42 кв\\м. Квартира просторная, светлая.\r\n До центра города пять минут езды.",
            "vip": null,
            "slug": "dvuhkomnatnaya-kvartira-v-rajone-vokzala"
        }
    },
    {
        "model": "main.postrentsale",
        "pk": 25,
        "fields": {
            "title": "Двухкомнатная квартира в центре",
            "image": "",
            "city": 6,
            "rent_sale": 2,
            "type_property": 2,
            "status": "С ремонтом",
            "dom_type": "Хрущевка",
            "material_type": null,
            "floors": "4/4",
            "rooms": 2,
            "areas": 42,
            "height_ceiling": 3,
            "price": "2550000.00",
            "region": "Центр",
            "year_built": null,
            "distance_sea": "150",
            "distance_track": null,
            "ownership": "Собственность",
            "description": "Продается двухкомнатная квартира в центре города с ремонтом и мебелью. 4/4. Удобное месторасположение, все в шаговой доступности. До моря 100 метров. Документы готовы к продаже",
            "vip": null,
            "slug": "dvuhkomnatnaya-kvartira-v-centre"
        }
    },
    {
        "model": "main.postrentsale",
        "pk": 26,
        "fields": {
            "title": "Участок 15 соток под коммерцию",
            "image": "",
            "city": 6,
            "rent_sale": 2,
            "type_property": 3,
            "status": null,
            "dom_type": null,
            "material_type": null,
            "floors": null,
            "rooms": null,
            "areas": 15,
            "height_ceiling": null,
            "price": "21000000.00",
            "region": "Колос",
            "year_built": null,
            "distance_sea": "700",
            "distance_track": null,
            "ownership": "Собственность",
            "description": "Продается участок 15 сот в районе старого посёлка . Место проходящее и очень оживлённое . Отлично подойдёт под строение торгового центра. Готов проект на торговый центр!",
            "vip": null,
            "slug": "uchastok-15-sotok-pod-kommerciyu"
        }
    },
    {
        "model": "main.postrentsale",
        "pk": 27,
        "fields": {
            "title": "Дом в районе турбазы",
            "image": "",
            "city": 6,
            "rent_sale": 2,
            "type_property": 1,
            "status": "С ремонтом",
            "dom_type": null,
            "material_type": null,
            "floors": "2",
            "rooms": 4,
            "areas": 100,
            "height_ceiling": 3,
            "price": "8100000.00",
            "region": "Турбаза",
            "year_built": null,
            "distance_sea": "300",
            "distance_track": null,
            "ownership": "Собственность",
            "description": "Продается дом со всеми удобствами на турбазе . Общая площадь 100 кВ/м. Первый этаж- гостиная, кухня, ванная комната. Второй этаж- две спальни и гардеробная . Удобное месторасположение , магазин, остановка рядом. До моря 300 метров.",
            "vip": null,
            "slug": "dom-v-rajone-turbazy"
        }
    },
    {
        "model": "main.postrentsale",
        "pk": 28,
        "fields": {
            "title": "Участок 1 ГК на Маяке!",
            "image": "",
            "city": 6,
            "rent_sale": 2,
            "type_property": 3,
            "status": null,
            "dom_type": null,
            "material_type": null,
            "floors": null,
            "rooms": null,
            "areas": null,
            "height_ceiling": null,
            "price": "5100000.00",
            "region": null,
            "year_built": null,
            "distance_sea": "200",
            "distance_track": null,
            "ownership": "Собственность",
            "description": "Продается участок 1 ГК на Маяке! Подойдёт для строительства гостиницы , дома или коммерческого объекта! До моря 200 метров!",
            "vip": null,
            "slug": "uchastok-1-gk-na-mayake"
        }
    },
    {
        "model": "main.postrentsale",
        "pk": 29,
        "fields": {
            "title": "Участок с домом в Дранде",
            "image": "",
            "city": 7,
            "rent_sale": 2,
            "type_property": 3,
            "status": null,
            "dom_type": null,
            "material_type": null,
            "floors": null,
            "rooms": 4,
            "areas": null,
            "height_ceiling": null,
            "price": "1500000.00",
            "region": "Дранда",
            "year_built": null,
            "distance_sea": null,
            "distance_track": null,
            "ownership": "Собственность",
            "description": "Продается участок 1,5 ГК с домом в с Дранда. Дом требует ремонта. От центральной трассы 1 км.",
            "vip": null,
            "slug": "uchastok-s-domom-v-drande"
        }
    },
    {
        "model": "main.postrentsale",
        "pk": 30,
        "fields": {
            "title": "Дом в с Дранда",
            "image": "",
            "city": 7,
            "rent_sale": 2,
            "type_property": 1,
            "status": "С ремонтом",
            "dom_type": null,
            "material_type": null,
            "floors": "2",
            "rooms": 5,
            "areas": 120,
            "height_ceiling": 3,
            "price": "1650000.00",
            "region": "Владимировка",
            "year_built": null,
            "distance_sea": "7 км",
            "distance_track": null,
            "ownership": "Собственность",
            "description": "Продается дом в Дранде, с Васильевка. Общая площадь 228 кВ/м. Состояние жилое, можно зайти и жить . Участок 25 соток. \r\nОт Дранды 6к м.транспорт ходит регулярно. Документы готовы к продаже. Звоните!",
            "vip": null,
            "slug": "dom-v-s-dranda"
        }
    },
    {
        "model": "main.postrentsale",
        "pk": 31,
        "fields": {
            "title": "Гостиница в Гагре",
            "image": "",
            "city": 2,
            "rent_sale": 2,
            "type_property": 4,
            "status": "С ремонтом",
            "dom_type": null,
            "material_type": null,
            "floors": "3",
            "rooms": 30,
            "areas": 950,
            "height_ceiling": 3,
            "price": "81000000.00",
            "region": "центр",
            "year_built": null,
            "distance_sea": "150",
            "distance_track": null,
            "ownership": null,
            "description": "🔉Продажа гостиницы!г. Гагра\r\nМинигостиница «АБХАЗИЯ» состоит из:\r\n- спальные номера полулюкс (25 кв.м) -  4 номера на четвертом этаже (в башнях)\r\n- спальные номера стандарт (16 кв.м) - 26 номеров на первом, втором, третьем этажах\r\n- кафе со стороны улицы (встроено в здание гостиницы, свободного назначения)\r\n- подвальные помещения (склад, комната для охранника)\r\n Общая площадь -950 кВ/м.\r\n- внутренний двор на огороженной территории\r\nУчасток 6 соток. \r\nНазначение -гостиница\r\nРасстояние до моря-150 метров",
            "vip": "Да",
            "slug": "gostinica-v-gagre"
        }
    },
    {
        "model": "main.postrentsale",
        "pk": 32,
        "fields": {
            "title": "Коттеджный комплекс в г Гудаута",
            "image": "",
            "city": 4,
            "rent_sale": 2,
            "type_property": 4,
            "status": "С ремонтом",
            "dom_type": null,
            "material_type": null,
            "floors": "1",
            "rooms": 29,
            "areas": 950,
            "height_ceiling": null,
            "price": "81000000.00",
            "region": "Бамбора",
            "year_built": null,
            "distance_sea": "50",
            "distance_track": null,
            "ownership": null,
            "description": "Продажа комплекса!\r\n\r\nКоттеджный комплекс «БАМБОРА» состоит из:\r\n- спальные номера 29 шт.\r\n- бар\r\n- кафе \r\n- кухня\r\n- домик для администрации/прачка\r\n- домик для охраны \r\n- парковка\r\nОбщая площадь помещений -950 кВ/м\r\nНазначение - база отдыха\r\n \r\nКомплекс расположен на огороженной территории общей площадью 0,95 га.\r\nДо моря 50 метров",
            "vip": "Да",
            "slug": "kottedzhnyj-kompleks-v-g-gudauta"
        }
    },
    {
        "model": "main.postrentsale",
        "pk": 33,
        "fields": {
            "title": "Трёхкомнатная квартира в центре",
            "image": "",
            "city": 6,
            "rent_sale": 2,
            "type_property": 2,
            "status": "С ремонтом",
            "dom_type": "Хрущевка",
            "material_type": null,
            "floors": "1/5",
            "rooms": 3,
            "areas": 75,
            "height_ceiling": 3,
            "price": "5250000.00",
            "region": "Центр",
            "year_built": null,
            "distance_sea": "150",
            "distance_track": null,
            "ownership": "Собственность",
            "description": "Продается трёхкомнатная квартира в центре Сухума. 1/4. Требует косметического ремонта. Общая площадь 81 кВ/м. Удобное месторасположение, все в шаговой доступности. До моря 150 метров. Отлично подойдёт для жилья, отдыха и даже под коммерческую деятельность с отдельным входом.документы готовы к продаже!",
            "vip": null,
            "slug": "tryohkomnatnaya-kvartira-v-centre"
        }
    },
    {
        "model": "main.postrentsale",
        "pk": 34,
        "fields": {
            "title": "Трёхкомнатная в центре",
            "image": "",
            "city": 6,
            "rent_sale": 2,
            "type_property": 2,
            "status": "С ремонтом",
            "dom_type": "Хрущевка",
            "material_type": null,
            "floors": "3/4",
            "rooms": 3,
            "areas": 80,
            "height_ceiling": 3,
            "price": "3600000.00",
            "region": "Центр",
            "year_built": null,
            "distance_sea": "200",
            "distance_track": null,
            "ownership": "Собственность",
            "description": "Продается трёхкомнатная квартира в центре города Сухум. Можно зайти и жить. Общая площадь 80 кВ/м. 3/4. До моря 150 метров.",
            "vip": null,
            "slug": "tryohkomnatnaya-v-centre"
        }
    },
    {
        "model": "main.postrentsale",
        "pk": 35,
        "fields": {
            "title": "Участок 8 соток в Синопе",
            "image": "",
            "city": 6,
            "rent_sale": 2,
            "type_property": 3,
            "status": null,
            "dom_type": null,
            "material_type": null,
            "floors": null,
            "rooms": null,
            "areas": null,
            "height_ceiling": null,
            "price": "4200000.00",
            "region": "Синоп",
            "year_built": null,
            "distance_sea": "Первая линия берега",
            "distance_track": null,
            "ownership": null,
            "description": "Продается участок 8 соток в районе Синопа. Первая береговая линия. Отлично подойдёт для строительства гостиницы. Есть разрешение на строительство!",
            "vip": null,
            "slug": "uchastok-8-sotok-v-sinope"
        }
    },
    {
        "model": "main.postrentsale",
        "pk": 36,
        "fields": {
            "title": "База отдыха",
            "image": "",
            "city": 4,
            "rent_sale": 2,
            "type_property": 4,
            "status": "С ремонтом",
            "dom_type": null,
            "material_type": null,
            "floors": "1",
            "rooms": 29,
            "areas": null,
            "height_ceiling": null,
            "price": "42000000.00",
            "region": "Гудаута",
            "year_built": null,
            "distance_sea": "150",
            "distance_track": null,
            "ownership": null,
            "description": "Продажа комплекса !\r\n\r\nКоттеджный комплекс «ГудаУта» состоит из:\r\n- спальные номера 29 шт. (22 стандарта и 7 полулюксов)\r\n- бар \r\n- кухня\r\n- кафе \r\n- столовая\r\n- домик для администрации\r\n- хоз.блок/прачечная\r\n- домик для охраны \r\n- парковка\r\n Назначение- база отдыха \r\n \r\nКомплекс расположен на огороженной территории общей площадью 0,8 га.\r\nДо моря -150 метров.",
            "vip": null,
            "slug": "baza-otdyha"
        }
    },
    {
        "model": "main.postrentsale",
        "pk": 37,
        "fields": {
            "title": "Дом в с Яштуха",
            "image": "",
            "city": 6,
            "rent_sale": 2,
            "type_property": 1,
            "status": "Без ремонта",
            "dom_type": null,
            "material_type": "Блочный",
            "floors": "2",
            "rooms": 6,
            "areas": 150,
            "height_ceiling": 3,
            "price": "3000000.00",
            "region": "Яштуха",
            "year_built": null,
            "distance_sea": "1 км",
            "distance_track": null,
            "ownership": "Собственность",
            "description": "Продается дом в с Яштуха. Требует ремонта. От центральной трассы 1 км. Участок 15 сот.",
            "vip": null,
            "slug": "dom-v-s-yashtuha"
        }
    },
    {
        "model": "main.postrentsale",
        "pk": 38,
        "fields": {
            "title": "Дом в Ачадаре",
            "image": "",
            "city": 6,
            "rent_sale": 2,
            "type_property": 1,
            "status": "Без ремонта",
            "dom_type": null,
            "material_type": "Блочный",
            "floors": "2",
            "rooms": null,
            "areas": 150,
            "height_ceiling": 3,
            "price": "2100000.00",
            "region": "Ачадара",
            "year_built": null,
            "distance_sea": null,
            "distance_track": null,
            "ownership": "Собственность",
            "description": "Продается участок 20 сот с домом в Ачадаре. Требуется ремонт. Удобное месторасположение, от центральной трассы 200 метров. Хорошее соседство , новая дорога, срочная цена!",
            "vip": null,
            "slug": "dom-v-achadare"
        }
    },
    {
        "model": "main.postrentsale",
        "pk": 39,
        "fields": {
            "title": "Участок 1,2 ГК",
            "image": "",
            "city": 6,
            "rent_sale": 2,
            "type_property": 3,
            "status": null,
            "dom_type": null,
            "material_type": null,
            "floors": null,
            "rooms": null,
            "areas": null,
            "height_ceiling": null,
            "price": "4200000.00",
            "region": "Ул Чанба",
            "year_built": null,
            "distance_sea": "1 км",
            "distance_track": null,
            "ownership": null,
            "description": "Продается участок 1,2 ГК, рядом с 13 школой,по ул Чанба . Участок расчищен, проведены коммуникации .отлично подойдёт под строительство крупного объекта .",
            "vip": null,
            "slug": "uchastok-12-gk"
        }
    },
    {
        "model": "main.postrentsale",
        "pk": 40,
        "fields": {
            "title": "Дом в г Гудаута",
            "image": "",
            "city": 4,
            "rent_sale": 2,
            "type_property": 1,
            "status": null,
            "dom_type": null,
            "material_type": "Блочный",
            "floors": "2",
            "rooms": 5,
            "areas": 200,
            "height_ceiling": 3,
            "price": "2550000.00",
            "region": "Центр",
            "year_built": null,
            "distance_sea": "150",
            "distance_track": null,
            "ownership": "Собственность",
            "description": "Продается дом в г Гудаута. Общая площадь 200 кВ/м. Первый этаж жилой, на втором нужен ремонт. Удобное месторасположение , самый центр города. До моря 150 метров.",
            "vip": null,
            "slug": "dom-v-g-gudauta"
        }
    },
    {
        "model": "main.postrentsale",
        "pk": 41,
        "fields": {
            "title": "Участок с ветхим строением в г Гудаута",
            "image": "",
            "city": 4,
            "rent_sale": 2,
            "type_property": 3,
            "status": null,
            "dom_type": null,
            "material_type": null,
            "floors": null,
            "rooms": null,
            "areas": null,
            "height_ceiling": null,
            "price": "2100000.00",
            "region": "Вокзал",
            "year_built": null,
            "distance_sea": "300",
            "distance_track": null,
            "ownership": null,
            "description": "Продается участок 12 сот с ветхим строением в г Гудаута.\r\nОтличное месторасположение,подойдёт под строительство дома. \r\nДо моря 300 метров.",
            "vip": null,
            "slug": "uchastok-s-vethim-stroeniem-v-g-gudauta"
        }
    },
    {
        "model": "main.postrentsale",
        "pk": 42,
        "fields": {
            "title": "Дом с участком 20 соток на Каштаке",
            "image": "",
            "city": 6,
            "rent_sale": 2,
            "type_property": 1,
            "status": null,
            "dom_type": null,
            "material_type": null,
            "floors": null,
            "rooms": null,
            "areas": null,
            "height_ceiling": null,
            "price": "3300000.00",
            "region": "Каштак",
            "year_built": null,
            "distance_sea": "300",
            "distance_track": "200",
            "ownership": "Собственность",
            "description": "Продается участок 20 сот с ветхим строением на Каштаке. От центральной трассы 200 метров. До моря 300 метров.\r\nУчасток расположен на возвышенности, открывается красивый вид на море.",
            "vip": null,
            "slug": "dom-s-uchastkom-20-sotok-na-kashtake"
        }
    },
    {
        "model": "main.postrentsale",
        "pk": 43,
        "fields": {
            "title": "Участок на Маяке",
            "image": "",
            "city": 6,
            "rent_sale": 2,
            "type_property": 3,
            "status": null,
            "dom_type": null,
            "material_type": null,
            "floors": null,
            "rooms": null,
            "areas": null,
            "height_ceiling": null,
            "price": "1800000.00",
            "region": "Маяк",
            "year_built": null,
            "distance_sea": "300",
            "distance_track": "100",
            "ownership": null,
            "description": "Продается участок 20 соток на Маяке. Семь тон цитрусов - мандарины, апельсины, лимоны. Можно использовать как бизнес, а так же для строительства дома. До моря 300 метров.",
            "vip": null,
            "slug": "uchastok-na-mayake"
        }
    },
    {
        "model": "main.postrentsale",
        "pk": 44,
        "fields": {
            "title": "Дом в Багмарани",
            "image": "",
            "city": 6,
            "rent_sale": 2,
            "type_property": 1,
            "status": "Без ремонта",
            "dom_type": null,
            "material_type": null,
            "floors": null,
            "rooms": null,
            "areas": null,
            "height_ceiling": null,
            "price": "2100000.00",
            "region": "Багмаран",
            "year_built": null,
            "distance_sea": "4 км",
            "distance_track": "4 км",
            "ownership": null,
            "description": "Продается жилой дом в Багмарани. Требует ремонта.Участок 25 соток. Место населенное, ходит транспорт. От центральной трассы 4 км.",
            "vip": null,
            "slug": "dom-v-bagmarani"
        }
    },
    {
        "model": "main.postrentsale",
        "pk": 45,
        "fields": {
            "title": "Дом на Белой речке",
            "image": "",
            "city": 4,
            "rent_sale": 2,
            "type_property": 1,
            "status": null,
            "dom_type": null,
            "material_type": null,
            "floors": null,
            "rooms": null,
            "areas": 120,
            "height_ceiling": null,
            "price": "2550000.00",
            "region": "Белая Речка",
            "year_built": null,
            "distance_sea": "500",
            "distance_track": null,
            "ownership": null,
            "description": "Продается дом с участком 25 соток на белой речке!\r\nОбщая площадь 130 кВ/м. Дом требует ремонта. Место очень населенное, оживлённое .До моря 500 метров. Документы готовы к продаже!",
            "vip": null,
            "slug": "dom-na-beloj-rechke"
        }
    },
    {
        "model": "main.postrentsale",
        "pk": 46,
        "fields": {
            "title": "Дом в Сухуме",
            "image": "",
            "city": 6,
            "rent_sale": 2,
            "type_property": 1,
            "status": "С ремонтом",
            "dom_type": null,
            "material_type": null,
            "floors": "1",
            "rooms": 3,
            "areas": null,
            "height_ceiling": null,
            "price": "1350000.00",
            "region": "Вокзал",
            "year_built": null,
            "distance_sea": "3 км",
            "distance_track": "1 км",
            "ownership": null,
            "description": "Продается дом с участком 19 соток выше вокзала. Три жилые комнаты . Есть парник. От центральной трассы 1 км. Свет, вода, интернет , все есть. Отлично подойдёт для отдыха .",
            "vip": null,
            "slug": "dom-v-suhume"
        }
    },
    {
        "model": "main.postrentsale",
        "pk": 47,
        "fields": {
            "title": "Участок 50 сот на первой линии берега",
            "image": "",
            "city": 6,
            "rent_sale": 2,
            "type_property": 3,
            "status": null,
            "dom_type": null,
            "material_type": null,
            "floors": null,
            "rooms": null,
            "areas": null,
            "height_ceiling": null,
            "price": "21000000.00",
            "region": "Синоп",
            "year_built": null,
            "distance_sea": "Первая линия берега",
            "distance_track": null,
            "ownership": null,
            "description": "Продается участок 50 сот в районе Синопа. Отлично подойдёт для строительства гостиницы. Первая береговая линия. Есть разрешение на строительство!",
            "vip": null,
            "slug": "uchastok-50-sot-na-pervoj-linii-berega"
        }
    },
    {
        "model": "main.postrentsale",
        "pk": 48,
        "fields": {
            "title": "Участок в Киндги",
            "image": "",
            "city": 8,
            "rent_sale": 2,
            "type_property": 3,
            "status": null,
            "dom_type": null,
            "material_type": null,
            "floors": null,
            "rooms": null,
            "areas": null,
            "height_ceiling": null,
            "price": "1200000.00",
            "region": "Киндги",
            "year_built": null,
            "distance_sea": "200",
            "distance_track": null,
            "ownership": null,
            "description": "Продается участок 25 соток в с Киндыг. До моря 200 метров. Место населенное, отлично подойдёт для строительства дома или гостиницы. Документы в порядке .",
            "vip": null,
            "slug": "uchastok-v-kindgi"
        }
    },
    {
        "model": "main.postrentsale",
        "pk": 49,
        "fields": {
            "title": "Дом в центре г Сухум",
            "image": "",
            "city": 6,
            "rent_sale": 2,
            "type_property": 1,
            "status": null,
            "dom_type": null,
            "material_type": null,
            "floors": "1",
            "rooms": 4,
            "areas": 110,
            "height_ceiling": 3,
            "price": "3300000.00",
            "region": "Центр",
            "year_built": null,
            "distance_sea": "350",
            "distance_track": null,
            "ownership": "Собственность",
            "description": "Продается бельэтажный дом в центре г Сухум. Общая площадь 110 кВ/м. Требует ремонта. Три просторные спальни, гостиная, прихожая с камином и кухня.Участок 3 сот. Есть гараж . Документы в порядке.",
            "vip": null,
            "slug": "dom-v-centre-g-suhum"
        }
    },
    {
        "model": "main.postrentsale",
        "pk": 50,
        "fields": {
            "title": "Участок 6 сот на турбазе",
            "image": "",
            "city": 6,
            "rent_sale": 2,
            "type_property": 3,
            "status": null,
            "dom_type": null,
            "material_type": null,
            "floors": null,
            "rooms": null,
            "areas": null,
            "height_ceiling": null,
            "price": "1650000.00",
            "region": "Турбаза",
            "year_built": null,
            "distance_sea": "300",
            "distance_track": null,
            "ownership": null,
            "description": "Продается участок 6 сот на турбазе .  Рядом жилые дома. Остановка, магазин рядом. Отлично подойдёт для строительства дома. До моря 300 метров.",
            "vip": null,
            "slug": "uchastok-6-sot-na-turbaze"
        }
    },
    {
        "model": "main.postrentsale",
        "pk": 51,
        "fields": {
            "title": "Дом с участком на Виеме",
            "image": "",
            "city": 6,
            "rent_sale": 2,
            "type_property": 1,
            "status": "Без ремонта",
            "dom_type": null,
            "material_type": "Блочный",
            "floors": "2",
            "rooms": null,
            "areas": 200,
            "height_ceiling": null,
            "price": "1650000.00",
            "region": "Вием",
            "year_built": null,
            "distance_sea": "1 км",
            "distance_track": null,
            "ownership": null,
            "description": "Продается дом на Виеме. Общая площадь 200 кВ/м. Строение выполнено добротно, качественно. Участок 8 соток. Место населенное, красивый вид с балкона.",
            "vip": null,
            "slug": "dom-s-uchastkom-na-vieme"
        }
    },
    {
        "model": "main.postrentsale",
        "pk": 52,
        "fields": {
            "title": "Дом на Маяке",
            "image": "",
            "city": 6,
            "rent_sale": 2,
            "type_property": 1,
            "status": null,
            "dom_type": null,
            "material_type": null,
            "floors": "2",
            "rooms": null,
            "areas": null,
            "height_ceiling": 3,
            "price": "6300000.00",
            "region": "Маяк",
            "year_built": null,
            "distance_sea": "100",
            "distance_track": null,
            "ownership": "Собственность",
            "description": "Продается дом на маяке . Требуется ремонт. Участок 7 соток. Есть прямой выход к морю 150 метров. \r\nДокументы в порядке. Возможен обмен на 3- к квартиру в центре города ( с доплатой).",
            "vip": null,
            "slug": "dom-na-mayake"
        }
    },
    {
        "model": "main.postrentsale",
        "pk": 53,
        "fields": {
            "title": "Дом на Мачарке",
            "image": "",
            "city": 6,
            "rent_sale": 2,
            "type_property": 1,
            "status": "Без ремонта",
            "dom_type": null,
            "material_type": "Блочный",
            "floors": "3",
            "rooms": null,
            "areas": 300,
            "height_ceiling": 3,
            "price": "5250000.00",
            "region": "Мачара",
            "year_built": null,
            "distance_sea": "100",
            "distance_track": null,
            "ownership": null,
            "description": "Продается дом в п Мачара. Общая площадь 300 кВ/м. Выполнены основные работы. \r\nУчасток 6 соток. До моря 100 метров.с балкона открывается красивый вид на море. Удобное месторасположение . Остановка , магазины рядом.",
            "vip": null,
            "slug": "dom-na-macharke"
        }
    },
    {
        "model": "main.postrentsale",
        "pk": 54,
        "fields": {
            "title": "Дом на Маяке",
            "image": "",
            "city": 6,
            "rent_sale": 2,
            "type_property": 1,
            "status": "Без ремонта",
            "dom_type": null,
            "material_type": null,
            "floors": "2",
            "rooms": null,
            "areas": 150,
            "height_ceiling": 3,
            "price": "6600000.00",
            "region": "Маяк",
            "year_built": null,
            "distance_sea": "150",
            "distance_track": null,
            "ownership": null,
            "description": "Продается дом на Маяке. Общая площадь 150 кВ/м. Требуется капитальный ремонт. Участок 15 соток. До моря 150 метров. Остановка, магазин рядом.",
            "vip": null,
            "slug": "dom-na-mayake_2"
        }
    },
    {
        "model": "main.postrentsale",
        "pk": 55,
        "fields": {
            "title": "Однокомнатная квартира в центре",
            "image": "",
            "city": 6,
            "rent_sale": 2,
            "type_property": 2,
            "status": "С ремонтом",
            "dom_type": "Хрущевка",
            "material_type": null,
            "floors": "3/5",
            "rooms": 1,
            "areas": 30,
            "height_ceiling": 3,
            "price": "1900000.00",
            "region": "Центр",
            "year_built": null,
            "distance_sea": "200",
            "distance_track": null,
            "ownership": "Собственность",
            "description": "Продается однокомнатная квартира в центре города Сухум. Выполнен качественный ремонт. Удобное месторасположение , все в пешей доступности. До моря 200 метров.",
            "vip": null,
            "slug": "odnokomnatnaya-kvartira-v-centre"
        }
    },
    {
        "model": "main.postrentsale",
        "pk": 56,
        "fields": {
            "title": "Однокомнатная квартира на турбазе",
            "image": "",
            "city": 6,
            "rent_sale": 2,
            "type_property": 2,
            "status": null,
            "dom_type": "Хрущевка",
            "material_type": null,
            "floors": "3/6",
            "rooms": 1,
            "areas": 30,
            "height_ceiling": 3,
            "price": "1400000.00",
            "region": "Турбаза",
            "year_built": null,
            "distance_sea": "100",
            "distance_track": null,
            "ownership": "Собственность",
            "description": "Продается однокомнатная квартира на турбазе . Можно зайти и жить . Удобное месторасположение , магазины, остановка, школа, дет сад , все в пешей доступности. Море через дорогу.",
            "vip": null,
            "slug": "odnokomnatnaya-kvartira-na-turbaze"
        }
    },
    {
        "model": "main.postrentsale",
        "pk": 57,
        "fields": {
            "title": "Однокомнатная в Агудзере",
            "image": "",
            "city": 6,
            "rent_sale": 2,
            "type_property": 2,
            "status": null,
            "dom_type": null,
            "material_type": null,
            "floors": "7/9",
            "rooms": 1,
            "areas": 30,
            "height_ceiling": 3,
            "price": "550000.00",
            "region": "Агудзера",
            "year_built": null,
            "distance_sea": "500 метров",
            "distance_track": null,
            "ownership": null,
            "description": "Продается однокомнатная квартира в Агудзере. 7/9. Требуется ремонт. Общая площадь 30 кВ/м. Лифт временно не работает.",
            "vip": null,
            "slug": "odnokomnatnaya-v-agudzere"
        }
    },
    {
        "model": "main.postrentsale",
        "pk": 58,
        "fields": {
            "title": "Двухкомнатная на турбазе",
            "image": "",
            "city": 6,
            "rent_sale": 2,
            "type_property": 2,
            "status": "Без ремонта",
            "dom_type": "Чешский проект",
            "material_type": null,
            "floors": "2/9",
            "rooms": 2,
            "areas": 60,
            "height_ceiling": 3,
            "price": "2100000.00",
            "region": "Турбаза",
            "year_built": null,
            "distance_sea": "300",
            "distance_track": null,
            "ownership": null,
            "description": "Продается двухкомнатная квартира на турбазе. Требуется капитальный ремонт. 2/9. Общая площадь 63 кВ/м. До моря 300 метров.",
            "vip": null,
            "slug": "dvuhkomnatnaya-na-turbaze"
        }
    },
    {
        "model": "main.postrentsale",
        "pk": 59,
        "fields": {
            "title": "Участок 33 сотки на Маяке",
            "image": "",
            "city": 6,
            "rent_sale": 2,
            "type_property": 3,
            "status": null,
            "dom_type": null,
            "material_type": null,
            "floors": null,
            "rooms": null,
            "areas": null,
            "height_ceiling": null,
            "price": "5100000.00",
            "region": "Маяк",
            "year_built": null,
            "distance_sea": "150",
            "distance_track": null,
            "ownership": null,
            "description": "Продается Участок 33 сотки на Маяке с домом. Требуется ремонт. Отлично подойдёт для строительства гостиницы. До моря 150 метров.",
            "vip": null,
            "slug": "uchastok-33-sotki-na-mayake"
        }
    },
    {
        "model": "main.postrentsale",
        "pk": 60,
        "fields": {
            "title": "Гостиница на турбазе",
            "image": "",
            "city": 6,
            "rent_sale": 2,
            "type_property": 4,
            "status": "С ремонтом",
            "dom_type": null,
            "material_type": null,
            "floors": "2",
            "rooms": 16,
            "areas": null,
            "height_ceiling": null,
            "price": "6300000.00",
            "region": "Турбаза",
            "year_built": null,
            "distance_sea": "700",
            "distance_track": null,
            "ownership": "Собственность",
            "description": "Продается гостиница на турбазе . Всего 19 двухместных номеров. На первом этаже столовая. Просторный двор, парковка. До моря 700 метров. Вокруг дома.",
            "vip": null,
            "slug": "gostinica-na-turbaze"
        }
    },
    {
        "model": "main.postrentsale",
        "pk": 61,
        "fields": {
            "title": "Дом в г Очамчира",
            "image": "",
            "city": 8,
            "rent_sale": 2,
            "type_property": 1,
            "status": "Без ремонта",
            "dom_type": null,
            "material_type": "Блочный",
            "floors": "2",
            "rooms": null,
            "areas": null,
            "height_ceiling": null,
            "price": "660000.00",
            "region": "Очамчира",
            "year_built": null,
            "distance_sea": null,
            "distance_track": null,
            "ownership": null,
            "description": "Продаются два дома в г Очамчыра. Участок 13 сот. возможна продажа одного дома из двух. Требуется ремонт.\r\nВозможен обмен на авто.",
            "vip": null,
            "slug": "dom-v-g-ochamchira"
        }
    },
    {
        "model": "main.postrentsale",
        "pk": 62,
        "fields": {
            "title": "Дом на Гумисте",
            "image": "",
            "city": 6,
            "rent_sale": 2,
            "type_property": 1,
            "status": "С ремонтом",
            "dom_type": null,
            "material_type": null,
            "floors": null,
            "rooms": null,
            "areas": null,
            "height_ceiling": null,
            "price": "5700000.00",
            "region": "Гумиста",
            "year_built": null,
            "distance_sea": null,
            "distance_track": null,
            "ownership": null,
            "description": "Продается дом на Гумисте. Выполнен качественный ремонт. Общая площадь 195 кВ/м. Участок 16 соток.",
            "vip": null,
            "slug": "dom-na-gumiste"
        }
    },
    {
        "model": "main.postrentsale",
        "pk": 63,
        "fields": {
            "title": "Однокомнатная квартира в центре Гагры",
            "image": "",
            "city": 2,
            "rent_sale": 2,
            "type_property": 2,
            "status": "С ремонтом",
            "dom_type": "Хрущевка",
            "material_type": null,
            "floors": "3/5",
            "rooms": 1,
            "areas": 30,
            "height_ceiling": 3,
            "price": "2350000.00",
            "region": "Центр",
            "year_built": null,
            "distance_sea": "200",
            "distance_track": null,
            "ownership": null,
            "description": "Продается однокомнатная квартира в г Гагра . Выполнен качественный ремонт, мебель остаётся . 3/5. Удобное месторасположение , все в шаговой доступности , рынок, магазины и т д. До моря 200 метров.",
            "vip": null,
            "slug": "odnokomnatnaya-kvartira-v-centre-gagry"
        }
    },
    {
        "model": "main.postrentsale",
        "pk": 64,
        "fields": {
            "title": "Двухкомнатная квартира на Мачаре",
            "image": "",
            "city": 6,
            "rent_sale": 2,
            "type_property": 2,
            "status": "С ремонтом",
            "dom_type": null,
            "material_type": null,
            "floors": "4/4",
            "rooms": 2,
            "areas": 46,
            "height_ceiling": 3,
            "price": "1900000.00",
            "region": "Мачара",
            "year_built": null,
            "distance_sea": "300",
            "distance_track": null,
            "ownership": null,
            "description": "Продается двухкомнатная квартира на Мачарке. Общая площадь 72 кВ/м. Чешский проект.Выполнен ремонт. 4/4. С балкона открывается вид на город. Месторасположение удобное, остановка, магазины в пешей доступности.",
            "vip": null,
            "slug": "dvuhkomnatnaya-kvartira-na-machare"
        }
    },
    {
        "model": "main.postrentsale",
        "pk": 65,
        "fields": {
            "title": "Участок 5 соток на ул Почтовая",
            "image": "",
            "city": 6,
            "rent_sale": 2,
            "type_property": 3,
            "status": null,
            "dom_type": null,
            "material_type": null,
            "floors": null,
            "rooms": null,
            "areas": null,
            "height_ceiling": null,
            "price": "900000.00",
            "region": "Рынок",
            "year_built": null,
            "distance_sea": "300",
            "distance_track": null,
            "ownership": null,
            "description": "Продается участок 5 соток по ул Почтовая! Отлично подойдёт для строительства дома. До центра города 5 мин езды.\r\nДокументы в порядке. Возможен обмен на квартиру.",
            "vip": null,
            "slug": "uchastok-5-sotok-na-ul-pochtovaya"
        }
    },
    {
        "model": "main.postrentsale",
        "pk": 66,
        "fields": {
            "title": "Трёхкомнатная квартира в районе красного моста",
            "image": "",
            "city": 6,
            "rent_sale": 2,
            "type_property": 2,
            "status": "С ремонтом",
            "dom_type": null,
            "material_type": null,
            "floors": "2/4",
            "rooms": 3,
            "areas": 85,
            "height_ceiling": 3,
            "price": "5800000.00",
            "region": "Красный мост",
            "year_built": null,
            "distance_sea": "150",
            "distance_track": null,
            "ownership": null,
            "description": "Продается трёхкомнатная квартира в районе красного моста. Выполнен качественный ремонт. До моря 150 метров. Остановка, магазин рядом.",
            "vip": null,
            "slug": "tryohkomnatnaya-kvartira-v-rajone-krasnogo-mosta"
        }
    },
    {
        "model": "main.postrentsale",
        "pk": 67,
        "fields": {
            "title": "Помещение свободного назначения районе рынка",
            "image": "",
            "city": 6,
            "rent_sale": 2,
            "type_property": 4,
            "status": "С ремонтом",
            "dom_type": null,
            "material_type": null,
            "floors": "4/5",
            "rooms": 4,
            "areas": 140,
            "height_ceiling": 3,
            "price": "6900000.00",
            "region": "Рынок",
            "year_built": null,
            "distance_sea": "300",
            "distance_track": null,
            "ownership": null,
            "description": "Продается помещение ( мансарда) свободного назначения. Общая площадь 140 кВ/м. Можно использовать как жилое и как не жилое помещение . Выполнен качественный ремонт. С балкона открывается красивый вид на горы и на город. До моря 200 метров.",
            "vip": null,
            "slug": "pomeshenie-svobodnogo-naznacheniya-rajone-rynka"
        }
    },
    {
        "model": "main.postrentsale",
        "pk": 68,
        "fields": {
            "title": "Четырехкомнатная квартира в районе рынка",
            "image": "",
            "city": 6,
            "rent_sale": 1,
            "type_property": 2,
            "status": "С ремонтом",
            "dom_type": null,
            "material_type": null,
            "floors": "3/5",
            "rooms": 4,
            "areas": 140,
            "height_ceiling": 3,
            "price": "6900000.00",
            "region": "Рынок",
            "year_built": null,
            "distance_sea": "300",
            "distance_track": null,
            "ownership": null,
            "description": "Продается четырехкомнатная квартира в новом доме в районе рынка. 4/5. Общая площадь 140 кВ/м. Выполнены основные работы, стоят новые окна, двери, паркет, проведена проводка , стяжка. В каждой комнате есть балкон. Парковка в общем дворе дома. До моря 200 метров.",
            "vip": null,
            "slug": "chetyrehkomnatnaya-kvartira-v-rajone-rynka-2"
        }
    },
    {
        "model": "main.postrentsale",
        "pk": 69,
        "fields": {
            "title": "Четырехкомнатная квартира в центре города",
            "image": "",
            "city": 6,
            "rent_sale": 2,
            "type_property": 2,
            "status": "С ремонтом",
            "dom_type": null,
            "material_type": null,
            "floors": "2/3",
            "rooms": 4,
            "areas": 120,
            "height_ceiling": 3,
            "price": "13000000.00",
            "region": "Центр",
            "year_built": null,
            "distance_sea": "150",
            "distance_track": null,
            "ownership": null,
            "description": "Продаётся 4-х комнатная квартира площадью 120 кВ.м,в центре г.Сухум, 2-й этаж.Квартира большая,просторная,с ремонтом,хорошим паркетом,3-мя балконами.Высота потолков 4 м.Дом капитального строения,представляет собой историческую ценность.Большая часть мебели антикварная,остаётся покупателю.Пакет документов. До моря 150 метров.",
            "vip": null,
            "slug": "chetyrehkomnatnaya-kvartira-v-centre-goroda-3"
        }
    },
    {
        "model": "main.postrentsale",
        "pk": 70,
        "fields": {
            "title": "Двухкомнатная квартира в Гагре",
            "image": "",
            "city": 2,
            "rent_sale": 2,
            "type_property": 2,
            "status": "Без ремонта",
            "dom_type": null,
            "material_type": null,
            "floors": "11/12",
            "rooms": 2,
            "areas": 46,
            "height_ceiling": 3,
            "price": "1800000.00",
            "region": "Центр",
            "year_built": null,
            "distance_sea": "200",
            "distance_track": null,
            "ownership": null,
            "description": "Продается двухкомнатная квартира в центре г Гагра. Требуется капитальный ремонт. 11/12. Лифт работает. С балкона открывается красивый вид на море и город. До моря 200 метров. Удобное месторасположение , рынок, остановка, магазины, все в пешей доступности.",
            "vip": null,
            "slug": "dvuhkomnatnaya-kvartira-v-gagre"
        }
    },
    {
        "model": "main.postrentsale",
        "pk": 71,
        "fields": {
            "title": "Дом на Бзыби",
            "image": "",
            "city": 2,
            "rent_sale": 2,
            "type_property": 1,
            "status": null,
            "dom_type": null,
            "material_type": null,
            "floors": null,
            "rooms": 6,
            "areas": null,
            "height_ceiling": null,
            "price": "4200000.00",
            "region": "Бзыбь",
            "year_built": null,
            "distance_sea": null,
            "distance_track": null,
            "ownership": null,
            "description": "Продается дом на Бзыби, рядом с постом ГАИ. Участок 70 соток. Всего шесть комнат. Можно зайти и жить. Удобное месторасположение , остановка, магазин, школа рядом.",
            "vip": null,
            "slug": "dom-na-bzybi"
        }
    },
    {
        "model": "main.postrentsale",
        "pk": 72,
        "fields": {
            "title": "Трёхкомнатная на Новом районе",
            "image": "",
            "city": 6,
            "rent_sale": 2,
            "type_property": 2,
            "status": "С ремонтом",
            "dom_type": null,
            "material_type": null,
            "floors": "4/9",
            "rooms": 3,
            "areas": 62,
            "height_ceiling": 3,
            "price": "1800000.00",
            "region": "Новый район",
            "year_built": null,
            "distance_sea": null,
            "distance_track": null,
            "ownership": null,
            "description": "Продается трёхкомнатная квартира на Новом районе( первый круг). Можно зайти и жить. 4/9, лифт работает. Остановка, магазины рядом.",
            "vip": null,
            "slug": "tryohkomnatnaya-na-novom-rajone"
        }
    },
    {
        "model": "main.postrentsale",
        "pk": 73,
        "fields": {
            "title": "Однокомнатная квартира на Новом районе",
            "image": "",
            "city": 6,
            "rent_sale": 2,
            "type_property": 2,
            "status": "С ремонтом",
            "dom_type": null,
            "material_type": null,
            "floors": "7/9",
            "rooms": 1,
            "areas": 36,
            "height_ceiling": 3,
            "price": "700000.00",
            "region": "Новый район",
            "year_built": null,
            "distance_sea": null,
            "distance_track": null,
            "ownership": null,
            "description": "Продается однокомнатная квартира на Новом районе( второй круг) . Выполнен качественный ремонт. Обшая площадь 36 кВ/м. 7 этаж, лифт не работает.",
            "vip": null,
            "slug": "odnokomnatnaya-kvartira-na-novom-rajone"
        }
    },
    {
        "model": "main.postrentsale",
        "pk": 74,
        "fields": {
            "title": "Четырехкомнатная квартира в районе вокзала",
            "image": "",
            "city": 6,
            "rent_sale": 2,
            "type_property": 2,
            "status": null,
            "dom_type": "Чешский проект",
            "material_type": null,
            "floors": "6/9",
            "rooms": 4,
            "areas": 90,
            "height_ceiling": 3,
            "price": "3300000.00",
            "region": "Вокзал",
            "year_built": null,
            "distance_sea": null,
            "distance_track": null,
            "ownership": null,
            "description": "Продается четырехкомнатная квартира в районе Вокзала. Выполнен ремонт частично. Три спальни, большая прихожая, зал и кухня. 6/9. Лифт работает. С балкона открывается красивый вид на горы. До центра города 5 мин езды.",
            "vip": null,
            "slug": "chetyrehkomnatnaya-kvartira-v-rajone-vokzala"
        }
    },
    {
        "model": "main.postrentsale",
        "pk": 75,
        "fields": {
            "title": "Двухкомнатная квартира на Новом районе",
            "image": "",
            "city": 6,
            "rent_sale": 2,
            "type_property": 2,
            "status": "С ремонтом",
            "dom_type": null,
            "material_type": null,
            "floors": "2/5",
            "rooms": 2,
            "areas": 46,
            "height_ceiling": 3,
            "price": "1450000.00",
            "region": "Новый район",
            "year_built": null,
            "distance_sea": null,
            "distance_track": null,
            "ownership": null,
            "description": "Продается двухкомнатная квартира на Новом районе( первый круг). 2/5. Квартира просторная, светлая. Можно зайти и жить. Мебель остаётся покупателю . Удобное месторасположение , все в пешей доступности.",
            "vip": null,
            "slug": "dvuhkomnatnaya-kvartira-na-novom-rajone-3"
        }
    },
    {
        "model": "main.postrentsale",
        "pk": 76,
        "fields": {
            "title": "Трёхкомнатная квартира в районе Вокзала",
            "image": "",
            "city": 6,
            "rent_sale": 2,
            "type_property": 2,
            "status": "С ремонтом",
            "dom_type": null,
            "material_type": null,
            "floors": "5/5",
            "rooms": 3,
            "areas": 65,
            "height_ceiling": 3,
            "price": "3300000.00",
            "region": "Вокзал",
            "year_built": null,
            "distance_sea": null,
            "distance_track": null,
            "ownership": null,
            "description": "Продается двухкомнатная квартира с ремонтом и мебелью в районе вокзала. Выполнен качественный ремонт. 5/5. Новый дом. Документы в порядке.Удобное месторасположение , магазины, остановка рядом.",
            "vip": null,
            "slug": "tryohkomnatnaya-kvartira-v-rajone-vokzala"
        }
    },
    {
        "model": "main.postrentsale",
        "pk": 77,
        "fields": {
            "title": "Дом в Пицунде",
            "image": "",
            "city": 3,
            "rent_sale": 2,
            "type_property": 1,
            "status": "Без ремонта",
            "dom_type": null,
            "material_type": null,
            "floors": null,
            "rooms": null,
            "areas": null,
            "height_ceiling": null,
            "price": "2550000.00",
            "region": "Алахадзе",
            "year_built": null,
            "distance_sea": null,
            "distance_track": null,
            "ownership": null,
            "description": "Продается дом в Алахадзе. Всего пять комнат. 12  соток земли ,большой подвал , 70 м до реки Бзыбь. Документы в порядке.",
            "vip": null,
            "slug": "dom-v-picunde"
        }
    },
    {
        "model": "main.postrentsale",
        "pk": 78,
        "fields": {
            "title": "Дом в центральной части Сухума",
            "image": "",
            "city": 6,
            "rent_sale": 2,
            "type_property": 1,
            "status": "С ремонтом",
            "dom_type": null,
            "material_type": null,
            "floors": null,
            "rooms": 5,
            "areas": 160,
            "height_ceiling": 3,
            "price": "7500000.00",
            "region": null,
            "year_built": null,
            "distance_sea": "500",
            "distance_track": null,
            "ownership": null,
            "description": "Продается дом в центральной части города Сухум . Общая площадь 160 кВ/м. Первый этаж удобно использовать как подсобное помещение , второй этаж жилой, здесь большой зал с балконом и террасой, три спальни, кухня, ванная и прихожая. Участок 9 соток!\r\nМебель остаётся покупателю.\r\nТак же на территории построены четыре номера- люкс для сдачи туристам. \r\nЕсли вы хотите жить и зарабатывать одновременно, то этот дом для вас! \r\nДо центра города пять минут езды. До моря 500 метров.\r\nДовоенная собственность !",
            "vip": null,
            "slug": "dom-v-centralnoj-chasti-suhuma"
        }
    },
    {
        "model": "main.postrentsale",
        "pk": 79,
        "fields": {
            "title": "Дом в с Дранда",
            "image": "",
            "city": 7,
            "rent_sale": 2,
            "type_property": 1,
            "status": "С ремонтом",
            "dom_type": null,
            "material_type": null,
            "floors": null,
            "rooms": 4,
            "areas": 70,
            "height_ceiling": 3,
            "price": "2250000.00",
            "region": "Дранда",
            "year_built": null,
            "distance_sea": null,
            "distance_track": null,
            "ownership": null,
            "description": "Продается дом в Дранде. Выполнен ремонт. Общая площадь 70 кВ/м. В доме три комнаты, две спальни и зал. Кухня и баня стоят отдельно. Участок 25 соток. \r\nЦена 2250 000 руб",
            "vip": null,
            "slug": "dom-v-s-dranda-2"
        }
    },
    {
        "model": "main.reviews",
        "pk": 3,
        "fields": {
            "nikname": "Алексей",
            "desc": "Хочу поблагодарить риэлтора Изабеллу!С её помощью приобрели хорошую квартиру по доступной цене. Нельзя не отметить высокий профессионализм, ответственное отношение к работе, умение работать с людьми. Вариантом подобранным совместно с Изабеллой мы остались довольны. А, также, мы получили профессиональный подход, понимание, помощь в оформлении и грамотное юридическое сопровождение процесса сделки, в кратчайшие сроки. Очень благодарны за помощь. Спасибо!!!",
            "image": "",
            "video": "",
            "date": "2021-04-19",
            "slug": "aleksej"
        }
    }
]
