[{"model": "main.city", "pk": 1, "fields": {"title": "Цандрипш"}}, {"model": "main.city", "pk": 2, "fields": {"title": "Гагра"}}, {"model": "main.city", "pk": 3, "fields": {"title": "Пицунда"}}, {"model": "main.city", "pk": 4, "fields": {"title": "Гудаута"}}, {"model": "main.city", "pk": 5, "fields": {"title": "Новый Афон"}}, {"model": "main.city", "pk": 6, "fields": {"title": "Сухум"}}, {"model": "main.city", "pk": 7, "fields": {"title": "Дранда"}}, {"model": "main.city", "pk": 8, "fields": {"title": "Очамчира"}}, {"model": "main.city", "pk": 9, "fields": {"title": "Ткварчал"}}, {"model": "main.rentsale", "pk": 1, "fields": {"title": "Аренда"}}, {"model": "main.rentsale", "pk": 2, "fields": {"title": "Продажа"}}, {"model": "main.typeproperty", "pk": 1, "fields": {"title": "Дома"}}, {"model": "main.typeproperty", "pk": 2, "fields": {"title": "Квартиры"}}, {"model": "main.typeproperty", "pk": 3, "fields": {"title": "Участки"}}, {"model": "main.typeproperty", "pk": 4, "fields": {"title": "Коммерческая недвижимость"}}, {"model": "main.postrentsale", "pk": 1, "fields": {"title": "четырехкомнатная квартира в центре города", "image": "dom/image-29-01-21-11-35-1.jpeg", "city": 6, "rent_sale": 2, "type_property": 2, "status": "С ремонтом", "dom_type": "Новостройка", "material_type": "Блочный", "floors": "2\\4", "rooms": 4, "areas": 200, "height_ceiling": 3, "price": "8000000.00", "region": "центральный", "year_built": null, "distance_sea": "150", "distance_track": "20", "ownership": "собственность", "description": "Продается четырехкомнатная квартира в центре г Сухум. общая площадь 200 кв\\м. Выполнен качественный ремонт.", "vip": null, "slug": "chetyrehkomnatnaya-kvartira-v-centre-goroda"}}, {"model": "main.postrentsale", "pk": 2, "fields": {"title": "Продается трехкомнатная квартира в районе турбазы", "image": "dom/IMG_3835_8Ur2tIX.JPG", "city": 6, "rent_sale": 2, "type_property": 2, "status": "С ремонтом", "dom_type": "Чешский проект", "material_type": "Блочный", "floors": "2\\9", "rooms": 3, "areas": 90, "height_ceiling": 3, "price": "5250000.00", "region": "турбаза", "year_built": null, "distance_sea": "200", "distance_track": null, "ownership": "собственность", "description": "Продается трехкомнатная квартира в районе турбазы", "vip": null, "slug": "prodaetsya-trehkomnatnaya-kvartira-v-rajone-turbazy"}}, {"model": "main.postrentsale", "pk": 3, "fields": {"title": "трехкомнатная квартира в районе турбазы", "image": "dom/IMG_3855.JPG", "city": 6, "rent_sale": 2, "type_property": 2, "status": "С ремонтом", "dom_type": "Чешский проект", "material_type": "Блочный", "floors": "1\\9", "rooms": 3, "areas": 90, "height_ceiling": 3, "price": "4200000.00", "region": "турбаза", "year_built": null, "distance_sea": "200", "distance_track": null, "ownership": "собственность", "description": "Продается трехкомнатная квартира на турбазе", "vip": null, "slug": "trehkomnatnaya-kvartira-v-rajone-turbazy"}}, {"model": "main.postrentsale", "pk": 4, "fields": {"title": "помещение свободного назначения", "image": "dom/IMG_3905_cSHohIE.JPG", "city": 6, "rent_sale": 2, "type_property": 4, "status": "Без ремонта", "dom_type": "Хрущевка", "material_type": "Блочный", "floors": "1\\5", "rooms": 1, "areas": 100, "height_ceiling": 3, "price": "1500000.00", "region": "универсам", "year_built": null, "distance_sea": "3 км", "distance_track": "20", "ownership": "собственность", "description": "Продается помещение свободного назначения", "vip": null, "slug": "pomeshenie-svobodnogo-naznacheniya"}}, {"model": "main.postrentsale", "pk": 5, "fields": {"title": "двухкомнатная квартира в районе турбазы", "image": "dom/IMG_4038.JPG", "city": 6, "rent_sale": 2, "type_property": 2, "status": "Без ремонта", "dom_type": "Хрущевка", "material_type": "Блочный", "floors": "8\\9", "rooms": 2, "areas": 46, "height_ceiling": 3, "price": "2550000.00", "region": "турбаза", "year_built": null, "distance_sea": "150", "distance_track": "20", "ownership": "собственность", "description": "Продается двухкомнатная квартира на турбазе", "vip": null, "slug": "dvuhkomnatnaya-kvartira-v-rajone-turbazy"}}, {"model": "main.postrentsale", "pk": 6, "fields": {"title": "площадка в аренду", "image": "dom/IMG_3930.JPG", "city": 6, "rent_sale": 1, "type_property": 4, "status": null, "dom_type": null, "material_type": null, "floors": null, "rooms": null, "areas": 1400, "height_ceiling": null, "price": "50000.00", "region": "Новый район", "year_built": null, "distance_sea": "1 км", "distance_track": "200", "ownership": "собственность", "description": "Сдается площадка в аренду", "vip": null, "slug": "ploshadka-v-arendu"}}, {"model": "main.postrentsale", "pk": 7, "fields": {"title": "двухкомнатная квартира на турбазе", "image": "dom/IMG_4106.JPG", "city": 6, "rent_sale": 2, "type_property": 2, "status": "С ремонтом", "dom_type": "Хрущевка", "material_type": "Блочный", "floors": "2\\5", "rooms": 2, "areas": 38, "height_ceiling": 3, "price": "2400000.00", "region": "турбаза", "year_built": null, "distance_sea": "150", "distance_track": null, "ownership": "собственность", "description": "Продается двухкомнатная квартира на турбазе", "vip": null, "slug": "dvuhkomnatnaya-kvartira-na-turbaze"}}, {"model": "main.postrentsale", "pk": 8, "fields": {"title": "двухкомнатная квартира на турбазе", "image": "dom/IMG_4130.JPG", "city": 6, "rent_sale": 2, "type_property": 2, "status": "Без ремонта", "dom_type": "Сталинка", "material_type": "Блочный", "floors": "1\\3", "rooms": 2, "areas": 38, "height_ceiling": 3, "price": "1650000.00", "region": "турбаза", "year_built": null, "distance_sea": "150", "distance_track": "20", "ownership": "собственность", "description": "Продается двухкомнатная квартира на турбазе", "vip": null, "slug": "dvuhkomnatnaya-kvartira-na-turbaze-1"}}, {"model": "main.postrentsale", "pk": 9, "fields": {"title": "двухкомнатная квартира на Новом районе.", "image": "dom/IMG_4192.JPG", "city": 6, "rent_sale": 2, "type_property": 2, "status": "С ремонтом", "dom_type": "Хрущевка", "material_type": "Блочный", "floors": "8\\9", "rooms": 2, "areas": 46, "height_ceiling": 3, "price": "2100000.00", "region": "Новый район", "year_built": null, "distance_sea": "1 км", "distance_track": null, "ownership": "собственность", "description": "Продается двухкомнатная квартира на Новом районе", "vip": null, "slug": "dvuhkomnatnaya-kvartira-na-novom-rajone"}}, {"model": "main.postrentsale", "pk": 10, "fields": {"title": "дом в центре города", "image": "dom/IMG_4266.JPG", "city": 6, "rent_sale": 2, "type_property": 1, "status": "С ремонтом", "dom_type": null, "material_type": "Блочный", "floors": "2", "rooms": 6, "areas": 300, "height_ceiling": 3, "price": "1650000.00", "region": "центральный", "year_built": null, "distance_sea": "300", "distance_track": null, "ownership": "собственность", "description": "ПродаетсЯ дом в центре города", "vip": "Да", "slug": "dom-v-centre-goroda"}}, {"model": "main.postrentsale", "pk": 11, "fields": {"title": "дом на турбазе", "image": "dom/IMG_4330.JPG", "city": 6, "rent_sale": 2, "type_property": 1, "status": "С ремонтом", "dom_type": null, "material_type": "Блочный", "floors": "2", "rooms": 5, "areas": 200, "height_ceiling": 3, "price": "4650000.00", "region": "турбаза", "year_built": null, "distance_sea": "700 м", "distance_track": null, "ownership": "собственность", "description": "Продается дом в районе турбазы", "vip": "Да", "slug": "dom-na-turbaze"}}, {"model": "main.postrentsale", "pk": 12, "fields": {"title": "трехкомнатная в центре", "image": "dom/IMG_4267.JPG", "city": 6, "rent_sale": 2, "type_property": 2, "status": "С ремонтом", "dom_type": "Чешский проект", "material_type": "Блочный", "floors": "1\\9", "rooms": 3, "areas": 70, "height_ceiling": 3, "price": "5250000.00", "region": "центральный", "year_built": null, "distance_sea": "150", "distance_track": null, "ownership": "собственность", "description": "Продается трехкомнатная квартира в центре", "vip": null, "slug": "trehkomnatnaya-v-centre"}}, {"model": "main.postrentsale", "pk": 13, "fields": {"title": "Четырехкомнатная квартира в районе рынка", "image": "dom/5F49D07E-250E-4522-9879-AD0F241DD54A.jpeg", "city": 6, "rent_sale": 2, "type_property": 2, "status": "С ремонтом", "dom_type": null, "material_type": "Блочный", "floors": "2/5", "rooms": 4, "areas": 120, "height_ceiling": 3, "price": "5400000.00", "region": "Рынок", "year_built": null, "distance_sea": "200", "distance_track": null, "ownership": "Собственность", "description": "Продается четырехкомнатная квартира в районе рынка. Можно зайти и жить . Три спальни, большой зал и кухня- столовая. 2/5. Три балкона, гараж, интернет,все в шаговой доступности. До моря 200 метров! Срочно!", "vip": "Да", "slug": "chetyrehkomnatnaya-kvartira-v-rajone-rynka"}}, {"model": "main.postrentsale", "pk": 14, "fields": {"title": "Дом с видом на море", "image": "dom/9AB73B33-0738-43C8-8D02-3A564239D074.jpeg", "city": 6, "rent_sale": 2, "type_property": 1, "status": "С ремонтом", "dom_type": null, "material_type": null, "floors": "2", "rooms": 8, "areas": 200, "height_ceiling": 3, "price": "6600000.00", "region": "Каштак", "year_built": null, "distance_sea": "200", "distance_track": null, "ownership": "Собственность", "description": "Продается шикарный дом с видом на море и горы в районе Каштака! Общая площадь 200 кВ/м. Выполнен качественный ремонт. Внутренняя лестница, просторные комнаты, три балкона с красивым видом, капитальный забор! Участок 50 соток! Дом просто сказка! Идеально для большой семьи! Срочная продажа!", "vip": "Да", "slug": "dom-s-vidom-na-more"}}, {"model": "main.postrentsale", "pk": 15, "fields": {"title": "Участок 35 соток в Пицунде", "image": "dom/3DAE120F-19DA-4F1C-9436-1AA831D75B04.jpeg", "city": 3, "rent_sale": 2, "type_property": 3, "status": null, "dom_type": null, "material_type": null, "floors": null, "rooms": null, "areas": null, "height_ceiling": null, "price": "12000000.00", "region": "Птицефабрика", "year_built": null, "distance_sea": "Первая линия берега", "distance_track": null, "ownership": "Собственность", "description": "Продается участок 35 соток в Пицунде. ( район Птицефабрики). Первая береговая линия. Место просто потрясающее! Отлично подойдёт под строительство гостиницы.", "vip": "Да", "slug": "uchastok-35-sotok-v-picunde"}}, {"model": "main.postrentsale", "pk": 16, "fields": {"title": "Участок 25 соток в Новом Афоне", "image": "dom/611AFAB8-3B06-4F46-BEA3-2EEE145611DB.jpeg", "city": 5, "rent_sale": 2, "type_property": 3, "status": null, "dom_type": null, "material_type": null, "floors": null, "rooms": null, "areas": 25, "height_ceiling": null, "price": "7500000.00", "region": "Псырцха", "year_built": null, "distance_sea": "Первая линия берега", "distance_track": null, "ownership": "разрешение на строительство", "description": "Продается участок 35 соток в Пицунде. ( район Птицефабрики). Первая береговая линия. Место просто потрясающее! Отлично подойдёт под строительство гостиницы.", "vip": null, "slug": "uchastok-25-sotok-v-novom-afone"}}, {"model": "main.postrentsale", "pk": 17, "fields": {"title": "Участок 25 соток в Гудауте", "image": "dom/5E3C2628-19FB-4141-B7E5-A545684B8139.jpeg", "city": 4, "rent_sale": 2, "type_property": 3, "status": null, "dom_type": null, "material_type": null, "floors": null, "rooms": null, "areas": null, "height_ceiling": null, "price": "3900000.00", "region": "Бамбора", "year_built": null, "distance_sea": "1 км", "distance_track": "50 метров", "ownership": "Собственность", "description": "Продается участок 25 сот в Бамборе. Подойдёт для строительства дома или гостиницы. До моря 1 км.", "vip": null, "slug": "uchastok-25-sotok-v-gudaute"}}, {"model": "main.imageshots", "pk": 1, "fields": {"image": "image_shots/image-29-01-21-11-35-1.jpeg", "rs_objects": 1}}, {"model": "main.imageshots", "pk": 2, "fields": {"image": "image_shots/image-29-01-21-11-35-3.jpeg", "rs_objects": 1}}, {"model": "main.imageshots", "pk": 3, "fields": {"image": "image_shots/image-29-01-21-11-35-4.jpeg", "rs_objects": 1}}, {"model": "main.imageshots", "pk": 4, "fields": {"image": "image_shots/image-29-01-21-11-35-5.jpeg", "rs_objects": 1}}, {"model": "main.imageshots", "pk": 5, "fields": {"image": "image_shots/image-29-01-21-11-35-6.jpeg", "rs_objects": 1}}, {"model": "main.imageshots", "pk": 6, "fields": {"image": "image_shots/image-29-01-21-11-35-2.jpeg", "rs_objects": 1}}, {"model": "main.imageshots", "pk": 7, "fields": {"image": "image_shots/image-29-01-21-11-35.jpeg", "rs_objects": 1}}, {"model": "main.imageshots", "pk": 8, "fields": {"image": "image_shots/image-29-01-21-11-35-1_gk70hDE.jpeg", "rs_objects": 1}}, {"model": "main.imageshots", "pk": 9, "fields": {"image": "image_shots/IMG_3836_W0v9rDu.JPG", "rs_objects": 2}}, {"model": "main.imageshots", "pk": 10, "fields": {"image": "image_shots/IMG_3835_EDBoHGf.JPG", "rs_objects": 2}}, {"model": "main.imageshots", "pk": 11, "fields": {"image": "image_shots/IMG_3834_GlaBCCd.JPG", "rs_objects": 2}}, {"model": "main.imageshots", "pk": 12, "fields": {"image": "image_shots/IMG_3837_w4OUjgM.JPG", "rs_objects": 2}}, {"model": "main.imageshots", "pk": 13, "fields": {"image": "image_shots/IMG_3839.JPG", "rs_objects": 2}}, {"model": "main.imageshots", "pk": 14, "fields": {"image": "image_shots/IMG_3840.JPG", "rs_objects": 2}}, {"model": "main.imageshots", "pk": 15, "fields": {"image": "image_shots/IMG_3848_D7oqTrp.JPG", "rs_objects": 2}}, {"model": "main.imageshots", "pk": 16, "fields": {"image": "image_shots/IMG_3855.JPG", "rs_objects": 3}}, {"model": "main.imageshots", "pk": 17, "fields": {"image": "image_shots/IMG_3859.JPG", "rs_objects": 3}}, {"model": "main.imageshots", "pk": 18, "fields": {"image": "image_shots/IMG_3863.JPG", "rs_objects": 3}}, {"model": "main.imageshots", "pk": 19, "fields": {"image": "image_shots/IMG_3873.JPG", "rs_objects": 3}}, {"model": "main.imageshots", "pk": 20, "fields": {"image": "image_shots/IMG_3853.JPG", "rs_objects": 3}}, {"model": "main.imageshots", "pk": 21, "fields": {"image": "image_shots/IMG_3905_dQfw2px.JPG", "rs_objects": 4}}, {"model": "main.imageshots", "pk": 22, "fields": {"image": "image_shots/IMG_4039.JPG", "rs_objects": 5}}, {"model": "main.imageshots", "pk": 23, "fields": {"image": "image_shots/IMG_4037.JPG", "rs_objects": 5}}, {"model": "main.imageshots", "pk": 24, "fields": {"image": "image_shots/IMG_4049.JPG", "rs_objects": 5}}, {"model": "main.imageshots", "pk": 25, "fields": {"image": "image_shots/IMG_4052.JPG", "rs_objects": 5}}, {"model": "main.imageshots", "pk": 26, "fields": {"image": "image_shots/IMG_4041.JPG", "rs_objects": 5}}, {"model": "main.imageshots", "pk": 27, "fields": {"image": "image_shots/IMG_3930.JPG", "rs_objects": 6}}, {"model": "main.imageshots", "pk": 28, "fields": {"image": "image_shots/IMG_3929.JPG", "rs_objects": 6}}, {"model": "main.imageshots", "pk": 29, "fields": {"image": "image_shots/IMG_4106.JPG", "rs_objects": 7}}, {"model": "main.imageshots", "pk": 30, "fields": {"image": "image_shots/IMG_4122.JPG", "rs_objects": 7}}, {"model": "main.imageshots", "pk": 31, "fields": {"image": "image_shots/IMG_4116.JPG", "rs_objects": 7}}, {"model": "main.imageshots", "pk": 32, "fields": {"image": "image_shots/IMG_4112.JPG", "rs_objects": 7}}, {"model": "main.imageshots", "pk": 33, "fields": {"image": "image_shots/IMG_4120.JPG", "rs_objects": 7}}, {"model": "main.imageshots", "pk": 34, "fields": {"image": "image_shots/IMG_4130.JPG", "rs_objects": 8}}, {"model": "main.imageshots", "pk": 35, "fields": {"image": "image_shots/IMG_4126.JPG", "rs_objects": 8}}, {"model": "main.imageshots", "pk": 36, "fields": {"image": "image_shots/IMG_4131.JPG", "rs_objects": 8}}, {"model": "main.imageshots", "pk": 37, "fields": {"image": "image_shots/IMG_4134.JPG", "rs_objects": 8}}, {"model": "main.imageshots", "pk": 38, "fields": {"image": "image_shots/IMG_4192.JPG", "rs_objects": 9}}, {"model": "main.imageshots", "pk": 39, "fields": {"image": "image_shots/IMG_4191.JPG", "rs_objects": 9}}, {"model": "main.imageshots", "pk": 40, "fields": {"image": "image_shots/IMG_4193.JPG", "rs_objects": 9}}, {"model": "main.imageshots", "pk": 41, "fields": {"image": "image_shots/IMG_4204.JPG", "rs_objects": 9}}, {"model": "main.imageshots", "pk": 42, "fields": {"image": "image_shots/IMG_4212.JPG", "rs_objects": 9}}, {"model": "main.imageshots", "pk": 43, "fields": {"image": "image_shots/IMG_4203.JPG", "rs_objects": 9}}, {"model": "main.imageshots", "pk": 44, "fields": {"image": "image_shots/IMG_4215.JPG", "rs_objects": 9}}, {"model": "main.imageshots", "pk": 45, "fields": {"image": "image_shots/IMG_4218.JPG", "rs_objects": 9}}, {"model": "main.imageshots", "pk": 46, "fields": {"image": "image_shots/IMG_4266.JPG", "rs_objects": 10}}, {"model": "main.imageshots", "pk": 47, "fields": {"image": "image_shots/IMG_4220.JPG", "rs_objects": 10}}, {"model": "main.imageshots", "pk": 48, "fields": {"image": "image_shots/IMG_4219.JPG", "rs_objects": 10}}, {"model": "main.imageshots", "pk": 49, "fields": {"image": "image_shots/IMG_4226.JPG", "rs_objects": 10}}, {"model": "main.imageshots", "pk": 50, "fields": {"image": "image_shots/IMG_4234.JPG", "rs_objects": 10}}, {"model": "main.imageshots", "pk": 51, "fields": {"image": "image_shots/IMG_4228.JPG", "rs_objects": 10}}, {"model": "main.imageshots", "pk": 52, "fields": {"image": "image_shots/IMG_4232.JPG", "rs_objects": 10}}, {"model": "main.imageshots", "pk": 53, "fields": {"image": "image_shots/IMG_4238.JPG", "rs_objects": 10}}, {"model": "main.imageshots", "pk": 54, "fields": {"image": "image_shots/IMG_4246.JPG", "rs_objects": 10}}, {"model": "main.imageshots", "pk": 55, "fields": {"image": "image_shots/IMG_4254.JPG", "rs_objects": 10}}, {"model": "main.imageshots", "pk": 56, "fields": {"image": "image_shots/IMG_4258.JPG", "rs_objects": 10}}, {"model": "main.imageshots", "pk": 57, "fields": {"image": "image_shots/IMG_4267.JPG", "rs_objects": 12}}, {"model": "main.imageshots", "pk": 58, "fields": {"image": "image_shots/IMG_4268.JPG", "rs_objects": 12}}, {"model": "main.imageshots", "pk": 59, "fields": {"image": "image_shots/IMG_4269.JPG", "rs_objects": 12}}, {"model": "main.imageshots", "pk": 60, "fields": {"image": "image_shots/IMG_4271.JPG", "rs_objects": 12}}, {"model": "main.imageshots", "pk": 61, "fields": {"image": "image_shots/IMG_4272.JPG", "rs_objects": 12}}, {"model": "main.imageshots", "pk": 62, "fields": {"image": "image_shots/IMG_4276.JPG", "rs_objects": 12}}, {"model": "main.imageshots", "pk": 63, "fields": {"image": "image_shots/IMG_4274.JPG", "rs_objects": 12}}, {"model": "main.imageshots", "pk": 64, "fields": {"image": "image_shots/IMG_4283.JPG", "rs_objects": 12}}, {"model": "main.imageshots", "pk": 65, "fields": {"image": "image_shots/65C3428A-5396-45B6-BAAC-7E6DEF7C47B6.jpeg", "rs_objects": 13}}, {"model": "main.imageshots", "pk": 66, "fields": {"image": "image_shots/21B51FE0-2970-4427-9801-6FC36932D195.jpeg", "rs_objects": 13}}, {"model": "main.imageshots", "pk": 67, "fields": {"image": "image_shots/B1C58682-3369-47DF-BB49-78668673EED5.jpeg", "rs_objects": 13}}, {"model": "main.imageshots", "pk": 68, "fields": {"image": "image_shots/212A20B8-1F1D-4FF0-815E-8FF832D28832.jpeg", "rs_objects": 13}}, {"model": "main.imageshots", "pk": 69, "fields": {"image": "image_shots/08D395AF-FBF3-411B-A40D-E29D553508C3.jpeg", "rs_objects": 13}}, {"model": "main.imageshots", "pk": 70, "fields": {"image": "image_shots/CB8E534B-6EC2-4559-8DFE-E602746A5BA1.jpeg", "rs_objects": 13}}, {"model": "main.imageshots", "pk": 71, "fields": {"image": "image_shots/8E593243-A75C-4FB5-B3FE-E0AC477BA075.jpeg", "rs_objects": 13}}, {"model": "main.imageshots", "pk": 72, "fields": {"image": "image_shots/4EE6C45E-4188-49A0-B8B3-DAC32A8A85D2.jpeg", "rs_objects": 14}}, {"model": "main.imageshots", "pk": 73, "fields": {"image": "image_shots/D5232EA3-F731-4713-AFAA-02733F86A4F4.jpeg", "rs_objects": 14}}, {"model": "main.imageshots", "pk": 74, "fields": {"image": "image_shots/D0ADEFBB-A3C4-444A-8429-EB407A23617C.jpeg", "rs_objects": 14}}, {"model": "main.imageshots", "pk": 75, "fields": {"image": "image_shots/DD521D30-62DF-40F9-A12F-274550D7B03C.jpeg", "rs_objects": 14}}, {"model": "main.imageshots", "pk": 76, "fields": {"image": "image_shots/9AAB754D-7D8C-4891-A72B-B003C85455F2.jpeg", "rs_objects": 14}}, {"model": "main.imageshots", "pk": 77, "fields": {"image": "image_shots/0E431270-682D-485B-9BE0-69A61E9B9725.jpeg", "rs_objects": 14}}, {"model": "main.imageshots", "pk": 78, "fields": {"image": "image_shots/BEC7A270-15AC-4C62-A450-07ECE590C8C7.jpeg", "rs_objects": 14}}, {"model": "main.imageshots", "pk": 79, "fields": {"image": "image_shots/76CCE20E-F59B-451D-99B8-A5154B01D8B6.jpeg", "rs_objects": 14}}, {"model": "main.imageshots", "pk": 80, "fields": {"image": "image_shots/DCF510D3-D155-4C93-B644-938B1F4C3EBF.jpeg", "rs_objects": 14}}, {"model": "main.imageshots", "pk": 81, "fields": {"image": "image_shots/D2B33044-7A5F-475B-BC0A-EE81E4AD633E.jpeg", "rs_objects": 15}}, {"model": "main.imageshots", "pk": 82, "fields": {"image": "image_shots/871902C6-4BDF-4FD2-8B1A-51C4CCC526D5.jpeg", "rs_objects": 16}}, {"model": "main.imageshots", "pk": 83, "fields": {"image": "image_shots/60DF972E-321E-4819-9E7D-3C186634A208.jpeg", "rs_objects": 17}}, {"model": "main.reviews", "pk": 1, "fields": {"nikname": "Алман Бек", "desc": "Lorem ipsum dolor sit amet, consectetur adipiscing elit, sed do eiusmod tempor incididunt ut labore et dolore magna aliqua. Ut enim ad minim veniam, quis nostrud exercitation ullamco laboris nisi ut aliquip ex ea commodo consequat. Duis aute irure dolor in reprehenderit in voluptate velit esse cillum dolore eu fugiat nulla pariatur. Excepteur sint occaecat cupidatat non proident, sunt in culpa qui officia deserunt mollit anim id est laborum.", "image": "", "video": "", "date": "2021-05-16", "slug": "alman-bek"}}, {"model": "main.reviews", "pk": 2, "fields": {"nikname": "Тима Святозавр", "desc": "Lorem ipsum dolor sit amet, consectetur adipiscing elit, sed do eiusmod tempor incididunt ut labore et dolore magna aliqua. Ut enim ad minim veniam, quis nostrud exercitation ullamco laboris nisi ut aliquip ex ea commodo consequat. Duis aute irure dolor in reprehenderit in voluptate velit esse cillum dolore eu fugiat nulla pariatur. Excepteur sint occaecat cupidatat non proident, sunt in culpa qui officia deserunt mollit anim id est laborum.\r\nLorem ipsum dolor sit amet, consectetur adipiscing elit, sed do eiusmod tempor incididunt ut labore et dolore magna aliqua. Ut enim ad minim veniam, quis nostrud exercitation ullamco laboris nisi ut aliquip ex ea commodo consequat. Duis aute irure dolor in reprehenderit in voluptate velit esse cillum dolore eu fugiat nulla pariatur. Excepteur sint occaecat cupidatat non proident, sunt in culpa qui officia deserunt mollit anim id est laborum.", "image": "", "video": "", "date": "2021-05-03", "slug": "tima-svyatozavr"}}]